Marital status,Application mode,Application order,Course,Daytime/evening attendance,Previous qualification,Previous qualification (grade),Nacionality,Mother's qualification,Father's qualification,Mother's occupation,Father's occupation,Admission grade,Displaced,Educational special needs,Debtor,Tuition fees up to date,Gender,Scholarship holder,Age at enrollment,International,Curricular units 1st sem (credited),Curricular units 1st sem (enrolled),Curricular units 1st sem (evaluations),Curricular units 1st sem (approved),Curricular units 1st sem (grade),Curricular units 1st sem (without evaluations),Curricular units 2nd sem (credited),Curricular units 2nd sem (enrolled),Curricular units 2nd sem (evaluations),Curricular units 2nd sem (approved),Curricular units 2nd sem (grade),Curricular units 2nd sem (without evaluations),Unemployment rate,Inflation rate,GDP,autoFE_f_0,mean_features,std_features,max_features,min_features,median_features,sum_features,sum,std,mean,max,min,mode,median,q_25th,q_75th,skew,kurt,sum_72_76,10th,20th,30th,40th,50th,60th,70th,80th,90th,harmonic,geometric,zscore,cv,Skewness_75,Skewness_25,2ndMoment,3rdMoment,entropy
1,17,1,9070,1,1,126.0,1,19,19,9,7,119.4,0,0,0,1,0,1,18,0,0,6,7,5,13.8,0,0,6,7,6,12.833333333333334,0,16.2,0.3,-0.92,4.285714285714286,205255661.90404615,8324668922.062081,46994386768.37201,-84265.82096543392,0.4285714285714286,18280697890.926292,196815459734.92902,24255931569.728077,4993412261.0029125,196815459734.92902,-84265.82096543392,0,4.285714285714286,0.0,18.0,5.5499747568375755,30.72883731236187,False,0.0,0.0,1.269254971395778e-17,1.0,4.285714285714286,6.359999999999993,15.220799999999997,26.03730238741714,4215806716.785158,0.0,0.0,-1.1786614302527346e-17,4.857586416238811,-0.2177006952159921,-0.21770069576495257,1.1112654612716366e+21,1.8798819988506522e+61,-84265.82096543392
1,1,1,9238,1,1,126.0,1,37,1,191,103,123.7,1,0,1,1,0,1,20,0,0,6,7,5,13.0,0,0,6,6,6,12.666666666666666,0,12.7,3.7,-1.7,2.176470588235294,216875873.5369311,8795957390.240913,49654895471.388115,-87401.33134837534,0.1,19315627522.897934,207957821255.1307,25629139004.626,5276105445.964383,207957821255.1307,-87401.33134837534,1,1.0,2.92558770002575e-17,23.19371426090965,5.549974637350182,30.728836273243367,False,0.0,0.0,1.0,1.0,1.0,6.0,12.8776,117.40720000000002,4454477167.260145,0.0,0.0,-7.604267291953127e-18,4.857586579174485,-0.21770068901444228,-0.21770068990140917,1.2406518350127982e+21,2.6159347471378647e+61,-87401.33134837534
1,1,1,9130,1,1,143.0,1,38,37,9,9,136.3,1,0,0,1,1,1,19,0,0,5,9,4,13.0,1,0,5,6,5,14.0,0,9.4,-0.8,-3.12,1.6896551724137931,209356522.15858316,8490990149.386052,47933300261.20863,-85158.7614873575,0.1,18645932367.055714,200747683199.31686,24740546827.74506,5093176820.976424,200747683199.31686,-85158.7614873575,1,1.0,3.900783600034334e-17,19.0,5.549974714959353,30.7288369486251,False,0.0,0.0,1.0,1.0,1.0,5.5955228002607305,11.531199999999995,37.696000000000005,4300035320.78239,0.0,0.0,-2.4333655334250005e-17,4.857586472523448,-0.21770069317925414,-0.21770069374736478,1.1561135315511392e+21,2.116793985751668e+61,-85158.7614873575
2,39,1,8014,0,1,160.0,1,19,19,9,9,110.0,0,0,0,1,0,0,28,0,0,6,7,6,14.166666666666666,0,0,6,6,6,14.0,0,11.1,0.6,2.02,1.8461538461538463,141587946.72507995,5742457592.122892,32417329855.841236,-73926.33185830172,0.202,12610265565.32254,135765891154.43752,16732058410.970198,3444521733.4489474,135765891154.43752,-73926.33185830172,0,2.02,0.0,19.0,5.549975549455078,30.72884418102938,False,0.0,0.0,0.0,1.0,2.02,6.0,14.098666666666666,35.69153767241176,2908119054.2687125,0.0,0.0,-2.4713868698847663e-17,4.857585379267339,-0.21770073174792146,-0.217700732587947,5.2878692249222565e+20,2.025439418832592e+60,-73926.33185830172
1,1,5,9500,1,1,145.0,1,38,1,5,5,125.5,1,0,0,1,0,0,18,0,0,8,8,8,13.76375,0,0,8,8,8,13.76375,0,9.4,-0.8,-3.12,1.6896551724137931,235854211.44331732,9565673910.190325,54000084545.29742,-88747.36482737862,0.1,21005893023.31511,226155724571.14645,27871885779.795883,5737805007.753528,226155724571.14645,-88747.36482737862,0,1.0,0.0,13.76375,5.549974477875794,30.728834892904338,False,0.0,0.0,0.0,1.0,1.0,6.59958898629562,8.828799999999998,35.091533957161744,4844278007.64168,0.0,0.0,3.155770926160548e-17,4.857586784865022,-0.2177006822657149,-0.21770068263101744,1.467285357983559e+21,4.327338724281495e+61,-88747.36482737862
1,1,1,9773,1,1,135.0,1,1,1,3,3,137.0,1,0,0,1,0,0,18,0,0,6,6,6,14.0,0,0,6,6,6,14.5,0,11.1,0.6,2.02,1.8461538461538463,256776792.71561986,10414244561.032946,58790418596.76078,-91352.30850849858,0.1,22869318241.706676,246217917057.62186,30344391443.263836,6246803491.661178,246217917057.62186,-91352.30850849858,0,1.0,0.0,14.0,5.549974313626355,30.728833468472452,False,0.0,0.0,0.05999999999999979,1.0,1.0,5.609230207893788,6.0,25.637300081083488,5274012093.194297,0.0,0.0,-5.703200468964846e-17,4.857587001699412,-0.21770067456581613,-0.2177006749071131,1.7391567541093644e+21,7.205984489557662e+61,-91352.30850849858
1,17,2,9773,1,1,123.0,1,1,1,9,3,118.0,1,0,1,1,0,0,19,0,0,6,6,6,12.333333333333334,0,0,6,6,6,14.166666666666666,0,8.9,1.4,3.51,4.933333333333334,256776374.12827274,10414227576.219494,58790322721.97594,-91236.90875322645,0.2,22869280959.911488,246217515673.80817,30344341973.550186,6246793308.6644335,246217515673.80817,-91236.90875322645,0,2.0,0.0,14.166666666666666,5.549974313991236,30.728833471806517,False,0.0,0.0,0.6799999999999983,1.0,2.0,6.0,8.959200000000001,26.037300083083927,5274003495.773027,0.0,0.0,9.885547479539065e-18,4.857587000911643,-0.21770067459256037,-0.21770067493792108,1.7391510836959652e+21,7.205914005782666e+61,-91236.90875322645
1,1,1,9773,1,1,125.0,1,38,38,9,7,118.4,1,0,0,0,1,0,19,0,0,6,10,4,12.0,0,0,6,12,2,10.5,0,9.4,-0.8,-3.12,1.6896551724137931,256776431.33102366,10414229922.264814,58790335909.81234,-91480.57343239633,0.1,22869286047.359566,246217570436.38074,30344348731.238922,6246794696.264638,246217570436.38074,-91480.57343239633,0,1.0,0.0,19.0,5.549974312521089,30.728833458598643,False,0.0,0.0,0.0,1.0,1.0,6.0,11.387999999999998,38.0,5274004667.813144,0.0,0.0,8.97303540450469e-17,4.857587003681067,-0.2177006743661855,-0.2177006748293806,1.7391518576433116e+21,7.205923625994316e+61,-91480.57343239633
1,1,6,9147,1,1,139.0,1,38,37,9,5,125.0,0,0,0,1,0,0,18,0,0,5,6,5,13.333333333333334,0,0,5,6,5,13.2,0,7.6,2.6,0.32,3.2857142857142856,210527911.61003703,8538498929.483468,48201495961.34095,-85227.03545286763,0.32857142857142857,18750259699.46906,201870902428.56192,24878974656.902565,5121674050.911733,201870902428.56192,-85227.03545286763,0,3.2857142857142856,0.0,18.0,5.549974704217199,30.7288368556938,False,0.0,0.0,0.0,1.0,3.2857142857142856,5.597477078667967,11.486399999999993,37.696000000000005,4324094785.028244,0.0,0.0,1.2547041031722659e-17,4.857586486292259,-0.21770069272659145,-0.21770069326180605,1.1690870507909892e+21,2.1888585153754798e+61,-85227.03545286763
1,39,1,9556,1,1,133.1,1,38,38,7,8,126.5,0,0,0,1,0,1,24,0,0,7,13,6,10.744444444444444,1,0,7,10,4,11.8375,0,12.7,3.7,-1.7,2.176470588235294,240049512.08691666,9735825453.388863,54960620617.3256,-89562.66608222644,0.37000000000000005,21379538562.502563,230178504039.91626,28367661361.757187,5839867064.075422,230178504039.91626,-89562.66608222644,0,3.7,0.0,24.0,5.549974441573215,30.72883457749999,False,0.0,0.0,0.1331999999999991,1.0,3.7,7.0,12.8776,38.696000000000005,4930446328.429831,0.0,0.0,4.448496365792579e-17,4.857586833827767,-0.21770068006964816,-0.21770068087098904,1.5199487391389296e+21,4.810209195481939e+61,-89562.66608222644
1,1,2,9500,1,1,162.0,1,38,38,9,7,148.7,1,0,0,1,0,1,18,0,0,7,7,7,15.135714285714286,0,0,8,8,8,14.47777777777778,0,12.4,0.5,1.79,6.052631578947368,235854917.06764877,9565702566.15848,54000246258.374825,-89155.59247335396,0.2,21005955867.084972,226156401150.5728,27871969174.547775,5737822170.744173,226156401150.5728,-89155.59247335396,0,2.0,0.0,18.0,5.5499744758110285,30.728834874187584,False,0.0,0.0,0.3079999999999992,1.0,2.0,7.0,13.630044444444442,38.0,4844292498.619539,0.0,0.0,9.011056740964456e-17,4.857586789053954,-0.21770068198403722,-0.21770068246177862,1.4672941375944296e+21,4.327416403603846e+61,-89155.59247335396
1,1,1,9003,1,1,143.0,1,38,38,9,8,140.7,1,0,0,1,1,1,18,0,0,6,6,6,15.166666666666666,0,0,6,8,6,15.0,0,12.4,0.5,1.79,6.052631578947368,200741179.45482346,8141572218.918998,45960772537.4602,-83940.76706141613,0.17900000000000002,17878625009.93512,192486622974.0935,23722436899.875954,4883585208.65723,192486622974.0935,-83940.76706141613,1,1.79,0.17900000000000002,18.0,5.549974800252365,30.728837688002514,False,0.0,0.0,1.0,1.0,1.79,6.0,13.939199999999996,38.0,4123082615.479805,0.0,0.0,1.977109495907813e-17,4.857586360492433,-0.21770069716831547,-0.2177006977240411,1.0629198133759632e+21,1.6450482771319037e+61,-83940.76706141613
1,17,1,9773,1,1,141.0,1,1,19,4,5,126.1,1,0,0,1,0,0,19,0,0,6,6,6,13.666666666666666,0,0,6,6,6,13.333333333333334,0,12.7,3.7,-1.7,2.176470588235294,256776734.07022393,10414242193.30371,58790405207.03893,-91443.21848047158,0.21764705882352942,22869313015.508278,246217860786.38773,30344384511.869778,6246802063.262001,246217860786.38773,-91443.21848047158,0,2.176470588235294,0.0,17.0,5.549974313015009,30.728833462981385,False,0.0,0.0,1.3502712461657214e-18,1.0,2.176470588235294,6.0,13.074933333333332,26.03730007778885,5274010887.426033,0.0,0.0,0.0,4.857587002848674,-0.21770067444777774,-0.2177006748622138,1.7391559592999964e+21,7.205974609974328e+61,-91443.21848047158
4,39,1,9991,0,1,144.0,1,37,37,9,1,151.4,0,0,0,1,0,0,29,0,0,5,7,3,11.333333333333334,0,0,5,9,4,12.25,0,16.2,0.3,-0.92,4.285714285714286,274346295.86249745,11126822408.560843,62813048139.04206,-94187.77502081663,0.30000000000000004,24434108525.625553,263064916582.66956,32420650205.73536,6674229208.014784,263064916582.66956,-94187.77502081663,0,3.0,0.0,29.0,5.549974184214,30.728832344643486,False,0.0,0.0,0.0,1.0,3.0,5.593585214684331,14.588399999999993,38.392,5634876431.438778,0.0,0.0,1.6349174677699224e-17,4.857587175280533,-0.21770066798810664,-0.2177006686892701,1.9852961203713745e+21,1.0718969164211756e+62,-94187.77502081663
1,17,1,9773,1,1,140.0,1,1,38,5,5,122.1,0,0,0,1,1,0,18,0,0,6,6,6,12.666666666666666,0,0,6,6,6,13.666666666666666,0,12.7,3.7,-1.7,2.176470588235294,256776679.36136276,10414239980.340899,58790392700.28539,-91492.48083427115,0.21764705882352942,22869308140.816578,246217808301.63538,30344378045.540974,6246800731.263205,246217808301.63538,-91492.48083427115,0,2.176470588235294,0.0,17.0,5.549974312668779,30.72883345987976,False,0.0,0.0,0.0,1.0,2.176470588235294,6.0,12.686399999999999,35.09153338395191,5274009762.969349,0.0,0.0,-1.0265760844136721e-17,4.857587003484397,-0.21770067442410496,-0.21770067483854122,1.7391552179245702e+21,7.205965394589949e+61,-91492.48083427115
1,43,1,9238,1,1,160.0,1,37,37,9,7,144.8,1,0,0,1,0,1,18,0,0,6,8,6,14.428571428571429,0,0,6,7,6,13.0,0,16.2,0.3,-0.92,4.285714285714286,216874587.36173248,8795905154.7955,49654600704.41381,-86595.85433239749,0.4285714285714286,19315512977.17357,207956588050.43445,25628986999.512047,5276074163.096476,207956588050.43445,-86595.85433239749,0,4.285714285714286,0.0,23.19371443478868,5.549974641689486,30.728836312520443,False,0.0,0.0,0.10799999999999926,1.0,4.285714285714286,6.359999999999993,15.477257142857141,41.176,4454450754.514087,0.0,0.0,-3.650048300137501e-17,4.85758657047964,-0.2177006893575693,-0.21770069024454028,1.2406371200734048e+21,2.6158416681685174e+61,-86595.85433239749
1,17,5,9147,1,1,119.0,1,37,37,9,9,118.0,0,0,0,1,0,0,20,0,0,5,5,0,0.0,0,0,5,7,1,10.0,0,10.8,1.4,1.74,1.0,210527551.70058405,8538484319.544169,48201413499.604546,-85073.90838386264,0.1,18750227643.55363,201870557310.29913,24878932119.941418,5121665295.763846,201870557310.29913,-85073.90838386264,0,1.0,0.0,20.0,5.549974704958889,30.72883686245663,False,0.0,0.0,0.0,1.0,1.0,5.1099949409917755,10.4736,37.0,4324087393.039277,0.0,0.0,2.5094082063445318e-17,4.857586484715997,-0.21770069272884818,-0.2177006933235338,1.1690830533451127e+21,2.1888360624361822e+61,-85073.90838386264
1,1,6,9254,1,1,110.0,1,19,37,9,9,105.1,1,0,0,1,1,1,22,0,0,6,7,6,13.5,0,0,6,6,6,14.333333333333334,0,12.4,0.5,1.79,6.052631578947368,218002072.62173206,8841633228.610754,49912744072.50422,-86012.65749449297,0.6000000000000001,19415930075.628735,209037708555.6368,25762226478.554714,5303503308.782886,209037708555.6368,-86012.65749449297,0,6.0,1.2752561769343015e-17,19.0,5.549974635386859,30.72883625940944,False,0.0,0.0,0.8399999999999992,1.0,6.0,6.0,13.051199999999998,34.49153450376379,4477608462.115475,0.0,0.0,6.501648534619924e-17,4.857586576007426,-0.21770068953633048,-0.21770069008191054,1.2535702504441572e+21,2.698504650064019e+61,-86012.65749449297
1,17,1,9147,1,1,150.0,1,38,37,9,7,130.8,0,0,0,1,1,0,20,0,0,5,7,3,12.333333333333334,0,0,5,7,4,12.75,0,10.8,1.4,1.74,1.0,210528180.83416232,8538509862.236369,48201557657.268074,-85376.57660209145,0.17400000000000002,18750283676.419678,201871160566.01187,24879006474.596203,5121680599.202733,201871160566.01187,-85376.57660209145,0,1.74,0.0,20.0,5.549974703358678,30.728836847923468,False,0.0,0.0,0.06263999999999956,1.0,1.74,6.211628616549801,12.58,37.696000000000005,4324100313.844799,0.0,0.0,3.155770926160548e-17,4.85758648801118,-0.21770069259772976,-0.2177006931924136,1.1690900408013854e+21,2.1888753098300523e+61,-85376.57660209145
1,39,2,9670,1,9,133.1,1,37,37,0,2,118.0,1,0,1,0,0,0,29,0,0,5,7,3,12.666666666666666,0,0,5,7,2,11.0,0,7.6,2.6,0.32,3.2857142857142856,248743275.01360285,10088424007.828905,56951102945.06314,-90611.72831821378,0.2,22153830080.00599,238514757792.80945,29395038333.401352,6051366407.179095,238514757792.80945,-90611.72831821378,0,2.0,0.0,29.0,5.549974372914468,30.72883398218258,False,0.0,0.0,5.4010849846628855e-18,1.0,2.0,5.597885194702263,11.986666666666665,38.392,5109009682.935925,0.0,0.0,2.5094082063445318e-17,4.85758692425702,-0.2177006768795849,-0.21770067765291876,1.6320367348694725e+21,5.95479657014511e+61,-90611.72831821378
1,1,2,9853,1,1,140.0,1,19,19,9,9,132.0,1,0,0,1,0,1,18,0,0,6,8,5,12.0,0,0,6,8,6,12.0,0,12.7,3.7,-1.7,2.176470588235294,263134219.34791133,10672086864.090748,60245984628.01922,-92316.8004832353,0.21764705882352942,23435528886.152306,252313909960.68384,31095674101.811752,6401465106.369261,252313909960.68384,-92316.8004832353,0,2.176470588235294,0.0,18.0,5.549974265818049,30.728833053406824,False,0.0,0.0,0.07835294117647001,1.0,2.176470588235294,6.0,12.0,26.037299832044113,5404588843.664149,0.0,0.0,-7.604267291953127e-17,4.85758706563479,-0.21770067219251382,-0.21770067262072704,1.8263407593770918e+21,8.344927629543387e+61,-92316.8004832353
2,1,1,9085,1,1,150.0,1,37,19,9,7,130.2,0,0,0,1,1,0,43,0,0,5,14,4,12.0,3,0,5,10,4,14.25,4,9.4,-0.8,-3.12,1.6896551724137931,206276230.6744265,8366060810.776786,47228051448.51117,-84761.37815826773,0.30000000000000004,18371592695.962303,197794060345.97867,24376536317.246376,5018240364.926644,197794060345.97867,-84761.37815826773,0,3.0,0.0,19.0,5.54997474468878,30.728837206266483,False,0.0,0.0,0.10799999999999925,1.0,3.0,5.593234506043333,13.183999999999997,41.176,4236768434.8851156,0.0,0.0,3.802133645976563e-18,4.857586433606934,-0.2177006945537994,-0.21770069513039342,1.122343745534932e+21,1.9366663740171385e+61,-84761.37815826773
1,1,1,9773,1,1,143.0,1,38,37,5,9,152.1,1,0,0,1,0,1,18,0,0,6,6,6,13.5,0,0,6,6,6,14.166666666666666,0,15.5,2.8,-4.06,4.8,256777208.06585714,10414261451.651821,58790513865.11024,-91803.94206937481,0.27999999999999997,22869355226.7804,246218315231.6943,30344440529.5673,6246813590.690155,246218315231.6943,-91803.94206937481,0,2.8,0.0,18.0,5.549974311210196,30.72883344667894,False,0.0,0.0,0.10079999999999928,1.0,2.8,6.0,13.894666666666666,37.696000000000005,5274020620.406,0.0,0.0,-1.4752278546389066e-16,4.857587006404462,-0.21770067428031656,-0.21770067471913132,1.7391623796335567e+21,7.206054415809743e+61,-91803.94206937481
1,43,1,9085,1,1,140.0,1,19,19,90,5,107.0,1,0,0,1,1,0,23,0,2,6,19,3,11.833333333333334,0,0,6,0,0,0.0,0,15.5,2.8,-4.06,4.8,206275977.94888157,8366050579.614169,47227993643.688644,-84918.99358476991,0.1,18371570179.56735,197793817920.3066,24376506446.659836,5018234213.038427,197793817920.3066,-84918.99358476991,0,1.0,0.0,23.0,5.549974743285107,30.728837193712835,False,0.0,0.0,0.0,1.0,1.0,5.588988523910336,19.0,75.71200000000005,4236763241.3912287,0.0,0.0,6.197477842941799e-17,4.857586436146114,-0.21770069434150022,-0.2177006950394866,1.1223409945381432e+21,1.9366521330594867e+61,-84918.99358476991
1,53,1,9147,1,42,130.0,1,38,19,143,172,133.8,1,0,0,1,0,0,21,0,3,7,7,8,11.625,0,2,8,8,3,11.0,0,8.9,1.4,3.51,4.933333333333334,210530143.11103246,8538589611.365929,48202007576.429825,-87112.15628868104,0.4933333333333334,18750458423.478542,201873041878.65973,24879238383.685024,5121728318.948032,201873041878.65973,-87112.15628868104,0,4.933333333333334,0.0,42.0,5.549974692842908,30.7288367529177,False,0.0,0.0,1.0,1.7840000000000007,4.933333333333334,8.0,25.41802763156311,132.6448,4324140605.606371,0.0,0.0,3.650048300137501e-17,4.857586508765667,-0.21770069112552265,-0.21770069237437178,1.1691118328157503e+21,2.1889977150075944e+61,-87112.15628868104
1,1,1,9238,1,1,137.0,1,1,1,4,7,136.1,1,0,1,1,0,1,19,0,0,6,8,5,13.4,0,0,6,7,6,14.0,0,9.4,-0.8,-3.12,1.6896551724137931,216873979.46688044,8795880433.727873,49654461268.828705,-85935.01198163834,0.1,19315458846.26893,207956005287.92224,25628915157.33392,5276059382.3127,207956005287.92224,-85935.01198163834,1,1.0,0.0,13.4,5.549974645885345,30.728836350380412,False,0.0,0.0,0.4239999999999977,1.0,1.0,5.606416352214394,7.591999999999999,26.037301810228264,4454438274.217453,0.0,0.0,-6.501648534619924e-17,4.857586562283872,-0.2177006901825125,-0.21770069056928557,1.240630166087923e+21,2.6157976816811036e+61,-85935.01198163834
1,17,2,9853,1,1,118.0,1,37,37,9,9,122.0,1,0,0,1,0,0,18,0,0,7,0,0,0.0,0,0,6,0,0,0.0,0,16.2,0.3,-0.92,4.285714285714286,263133807.98769248,10672070174.992847,60245890407.530945,-92236.30126589398,0.1,23435492243.909904,252313515461.771,31095625481.734524,6401455097.857533,252313515461.771,-92236.30126589398,0,1.0,0.0,18.0,5.549974265948126,30.728833054686483,False,0.0,0.0,0.0,0.0,1.0,4.617052993665389,13.262399999999989,37.0,5404580393.670662,0.0,0.0,-1.4067894490113286e-17,4.857587065187998,-0.21770067220846998,-0.2177006726366837,1.8263350482933229e+21,8.344849344429076e+61,-92236.30126589398
2,39,1,8014,0,19,133.1,1,37,37,9,8,113.0,0,0,0,1,0,0,48,0,0,6,14,3,11.25,0,0,6,7,2,10.333333333333334,0,16.2,0.3,-0.92,4.285714285714286,141587548.5680485,5742441464.542657,32417238754.554874,-74091.35926345608,0.30000000000000004,12610230093.713367,135765509248.23706,16732011351.33124,3444512042.652494,135765509248.23706,-74091.35926345608,0,3.0,0.0,37.0,5.549975547120056,30.728844160197973,False,0.0,0.0,0.0,1.0,3.0,7.359999999999993,17.857599999999994,45.26400000000001,2908110872.985256,0.0,0.0,-1.977109495907813e-17,4.857585383399189,-0.21770073079272664,-0.2177007324286008,5.287839477196376e+20,2.025405235757085e+60,-74091.35926345608
1,1,1,9003,1,1,148.0,1,19,38,9,9,143.4,0,0,0,1,1,1,18,0,0,6,6,6,15.333333333333334,0,0,6,7,6,14.0,0,15.5,2.8,-4.06,4.8,200741299.1816301,8141577070.595077,45960799935.3697,-83911.62010570227,0.27999999999999997,17878635674.43164,192486737792.97107,23722451048.997585,4883588122.016418,192486737792.97107,-83911.62010570227,0,2.8,0.0,18.0,5.5499748005561,30.728837690728874,False,0.0,0.0,0.10079999999999927,1.0,2.8,6.0,14.789333333333332,35.09153507629156,4123085075.0833483,0.0,0.0,-5.627157796045314e-17,4.857586359924771,-0.21770069719464588,-0.21770069775595324,1.0629210814061399e+21,1.6450541646127464e+61,-83911.62010570227
1,17,1,9147,1,1,150.0,1,37,19,9,8,146.8,1,0,0,0,0,0,18,0,0,5,5,5,12.0,0,0,5,5,5,13.0,0,12.7,3.7,-1.7,2.176470588235294,210528422.06778273,8538519645.569243,48201612893.32755,-85391.84405859807,0.37000000000000005,18750305163.76143,201871391905.34888,24879034984.975407,5121686468.567299,201871391905.34888,-85391.84405859807,0,3.7,0.0,18.0,5.549974703459981,30.728836848788696,False,0.0,0.0,0.0,1.0,3.7,5.109994940691994,12.8776,34.49153473951549,4324105269.192008,0.0,0.0,-1.045586752643555e-16,4.857586487900513,-0.2177006926637724,-0.21770069319898464,1.1690927202849696e+21,2.1888903601735627e+61,-85391.84405859807
4,39,1,9130,1,12,133.1,1,37,37,90,90,127.0,1,0,0,1,1,0,45,0,0,5,5,0,0.0,0,0,5,6,0,0.0,0,7.6,2.6,0.32,3.2857142857142856,209356665.56579196,8490996052.623588,47933333405.600204,-86008.66859140496,0.1,18645945117.675957,200747820441.33633,24740563770.39939,5093180297.002821,200747820441.33633,-86008.66859140496,0,1.0,0.0,39.0,5.5499747090011855,30.72883689504932,False,0.0,0.0,0.0,1.0,1.0,5.109994941800235,33.23730213702958,90.0,4300038257.226978,0.0,0.0,-8.478758030527737e-17,4.857586483823957,-0.21770069213828525,-0.2177006933044298,1.1561151131753364e+21,2.1168026734205095e+61,-86008.66859140496
2,39,2,9853,1,19,133.1,1,37,37,5,5,120.0,0,0,0,0,0,0,43,0,0,6,12,0,0.0,0,0,6,12,0,0.0,0,9.4,-0.8,-3.12,1.6896551724137931,263134015.03754926,10672078606.800304,60245937936.44127,-92578.79153717584,0.1,23435510676.216854,252313713895.61554,31095649948.41924,6401460129.981951,252313713895.61554,-92578.79153717584,0,1.0,0.0,37.0,5.549974264084477,30.728833037922165,False,-1.9443905944786524e-17,0.0,0.0,0.0,1.0,5.597811010565538,16.14399999999999,41.784000000000006,5404584642.829335,0.0,0.0,-9.657419460780472e-17,4.857587068734413,-0.21770067161775936,-0.21770067249799413,1.8263379213889865e+21,8.344888727544794e+61,-92578.79153717584
1,17,4,9254,1,1,116.0,1,19,1,7,7,109.0,1,0,0,1,0,1,18,0,0,6,6,6,12.833333333333334,0,0,6,6,6,13.0,0,11.1,0.6,2.02,1.8461538461538463,218002158.7273228,8841636710.500355,49912763750.62938,-85926.293198618,0.202,19415937747.286938,209037791155.2227,25762236654.86298,5303505405.128697,209037791155.2227,-85926.293198618,0,2.02,0.0,17.0,5.549974636074946,30.728836265591653,False,0.0,0.0,0.345279999999999,1.0,2.02,6.0,12.126133333333332,26.03730175935501,4477610231.816413,0.0,0.0,-8.402715357608206e-17,4.8575865747114895,-0.2177006896444148,-0.21770069013256318,1.2535712410134024e+21,2.6985110471314964e+61,-85926.293198618
1,51,1,9500,1,1,140.0,1,19,19,5,3,120.0,0,0,0,1,1,0,20,0,5,7,9,7,12.7,0,4,10,14,10,12.181818181818182,0,11.1,0.6,2.02,1.8461538461538463,235854084.54994774,9565668781.52997,54000055558.644356,-88896.24923302488,0.4,21005881718.307842,226155602850.68726,27871870784.526,5737801918.363907,226155602850.68726,-88896.24923302488,0,4.0,0.0,19.0,5.54997447681714,30.728834883367178,False,0.0,0.0,0.743999999999999,1.0,4.0,7.719999999999986,13.469599999999998,42.8915339533469,4844275399.659593,0.0,0.0,5.2469444314476576e-17,4.857586786905579,-0.21770068204797252,-0.21770068255225694,1.4672837787474513e+21,4.327324751780158e+61,-88896.24923302488
1,1,1,9773,1,1,125.0,1,3,19,2,5,122.5,0,0,0,1,0,0,19,0,0,6,6,6,12.5,0,0,6,7,6,12.0,0,15.5,2.8,-4.06,4.8,256776453.8057902,10414230812.340345,58790340979.55298,-91287.06339924147,0.2,22869288054.580677,246217592055.37317,30344351388.521137,6246795246.228002,246217592055.37317,-91287.06339924147,0,2.0,0.0,15.5,5.549974313722837,30.72883346940163,False,0.0,0.0,0.0,1.0,2.0,5.902632102801454,9.959999999999994,26.037300081640993,5274005131.7155075,0.0,0.0,-4.0302616647351574e-17,4.857587001405872,-0.2177006745420012,-0.21770067491986814,1.739152162792777e+21,7.205927419022712e+61,-91287.06339924147
1,1,1,9070,1,1,177.0,1,19,19,1,7,155.5,0,0,0,1,0,0,18,0,0,6,6,6,13.833333333333334,0,0,6,8,6,14.625,0,15.5,2.8,-4.06,4.8,205257200.31141546,8324731351.474448,46994739156.63144,-84729.76735171459,0.1,18280834910.076748,196816934909.705,24256113383.876278,4993449685.359688,196816934909.705,-84729.76735171459,0,1.0,0.0,18.0,5.549974754761357,30.728837293421996,False,0.0,0.0,0.0,1.0,1.0,6.0,14.302,26.037302376053216,4215838313.9151444,0.0,0.0,-1.1786614302527346e-17,4.857586420664828,-0.2177006950386587,-0.21770069558761695,1.1112821199792768e+21,1.8799665426662407e+61,-84729.76735171459
1,17,1,9238,1,1,145.0,1,19,38,5,9,139.7,0,0,0,1,0,1,20,0,0,6,9,5,12.6,0,0,6,9,4,11.25,0,12.7,3.7,-1.7,2.176470588235294,216874184.0052413,8795888763.9128,49654508230.82873,-86267.28075407281,0.37000000000000005,19315477057.43794,207956201340.67444,25628939330.44248,5276064354.021472,207956201340.67444,-86267.28075407281,0,3.7,0.0,19.0,5.54997464368399,30.728836330525603,False,0.0,0.0,0.0,1.0,3.7,6.0,12.6592,35.091534532210254,4454442472.347034,0.0,0.0,-2.5094082063445318e-17,4.857586566567906,-0.21770068985172505,-0.21770069040014237,1.2406325056654423e+21,2.615812480304802e+61,-86267.28075407281
1,44,1,9003,1,39,133.1,1,37,37,9,9,140.0,1,0,0,1,1,0,22,0,0,6,6,6,14.666666666666666,0,0,6,7,6,13.571428571428571,0,12.4,0.5,1.79,6.052631578947368,200741048.82602397,8141566948.432413,45960742721.24325,-84187.08294962367,0.6000000000000001,17878613366.65768,192486497607.97525,23722421458.745407,4883582026.098021,192486497607.97525,-84187.08294962367,0,6.0,0.0,37.0,5.549974798216803,30.728837669747335,False,0.0,0.0,0.5359999999999998,1.0,6.0,6.39368421052631,19.00799999999999,42.480000000000004,4123079929.049663,0.0,0.0,3.459941617838673e-17,4.857586364265414,-0.21770069642934417,-0.2177006975831672,1.0629184290910748e+21,1.6450418498949394e+61,-84187.08294962367
1,43,2,171,1,1,116.0,1,3,19,2,3,117.3,1,0,1,1,0,0,20,0,0,0,0,0,0.0,0,0,0,0,0,0.0,0,13.9,-0.3,0.79,5.142857142857143,2263.5713279343454,92023.83554409075,519111.6232122164,-2321.3181929676516,0.1,201575.3971148173,2170132.649490451,267521.47128198046,55043.80992317084,2170132.649490451,-2321.3181929676516,0,1.0,0.0,19.0,5.548655986374943,30.716957400726727,False,0.0,0.0,0.0,0.0,1.0,1.3599999999999932,5.305176680264262,38.086782960290705,46527.97611025807,0.0,0.0,-9.087099413883987e-17,4.860155422660279,-0.2175399781328854,-0.2175925305790472,135127427369.1517,3.3799296846026816e+31,-2321.3181929676516
1,17,3,9070,1,1,133.0,1,37,37,9,8,125.0,1,0,0,1,1,0,19,0,0,6,8,6,11.833333333333334,0,0,6,6,6,13.333333333333334,0,7.6,2.6,0.32,3.2857142857142856,205255849.87736374,8324676565.987063,46994429883.4025,-84473.02445820466,0.32857142857142857,18280714629.33935,196815639937.4965,24255953784.75271,4993416831.55807,196815639937.4965,-84473.02445820466,0,3.2857142857142856,0.0,19.0,5.549974755488596,30.728837300189817,False,0.0,0.0,0.32308571428571425,1.0,3.2857142857142856,6.0,12.721333333333332,37.0,4215810575.976423,0.0,0.0,3.6880696365972665e-17,4.857586418873877,-0.2177006950788023,-0.2177006956582629,1.1112674963907306e+21,1.8798923270509519e+61,-84473.02445820466
2,39,1,9991,0,1,100.0,1,34,34,0,0,134.7,0,0,1,0,0,0,51,0,0,5,9,4,12.0,0,0,5,5,3,10.666666666666666,0,7.6,2.6,0.32,3.2857142857142856,274345490.6401531,11126789721.164997,62812863649.50396,-93846.32146733727,0.2,24434036808.777565,263064144469.7149,32420555039.931866,6674209620.687506,263064144469.7149,-93846.32146733727,0,2.0,0.0,34.0,5.549974185555885,30.72883235684816,False,0.0,0.0,0.0,0.7552000000000009,2.0,5.0,11.455999999999998,47.35200000000001,5634859893.792118,0.0,0.0,-9.619398124320706e-17,4.857587172485639,-0.2177006680261826,-0.21770066880199085,1.9852844661016263e+21,1.071878039485369e+62,-93846.32146733727
1,1,1,9238,1,1,133.0,1,1,3,4,2,121.0,1,0,0,1,0,0,19,0,0,6,6,6,13.166666666666666,0,0,6,7,5,11.8,0,11.1,0.6,2.02,1.8461538461538463,216873713.37967274,8795869630.660414,49654400301.009674,-85806.49882625007,0.1,19315435148.48852,207955750155.0498,25628883710.710426,5276052910.084274,207955750155.0498,-85806.49882625007,0,1.0,0.0,11.8,5.549974646566273,30.728836356544697,False,0.0,0.0,0.03599999999999975,1.0,1.0,5.1099949293132525,6.591999999999999,26.037301813926835,4454432809.654073,0.0,0.0,-3.840154982436329e-17,4.8575865609166256,-0.21770069028167885,-0.21770069062226796,1.2406271218249627e+21,2.6157784257658326e+61,-85806.49882625007
2,39,1,9991,0,1,120.0,1,37,37,9,5,116.3,0,0,0,0,0,0,32,0,0,5,5,0,0.0,0,0,5,5,0,0.0,0,10.8,1.4,1.74,1.0,274345430.06437516,11126787254.128004,62812849738.776276,-93748.67820505536,0.1,24434031414.449566,263064086396.99973,32420547879.703613,6674208148.013972,263064086396.99973,-93748.67820505536,0,1.0,0.0,32.0,5.549974186048535,30.728832361307163,False,0.0,0.0,0.0,0.0,1.0,5.0,10.065599999999998,38.392,5634858650.269841,0.0,0.0,6.729776553378517e-17,4.857587171498527,-0.21770066810946298,-0.21770066883963532,1.9852835894561934e+21,1.071876619552978e+62,-93748.67820505536
1,1,2,9147,1,1,127.0,1,37,37,9,9,129.3,1,0,0,1,0,0,18,0,0,5,14,2,12.0,0,0,5,10,2,11.0,0,7.6,2.6,0.32,3.2857142857142856,210527793.1264786,8538494121.650191,48201468822.13422,-85191.97918892888,0.2,18750249146.458565,201870788812.69464,24878960653.94212,5121671168.520229,201870788812.69464,-85191.97918892888,0,2.0,0.0,18.0,5.549974704348957,30.72883685690165,False,0.0,0.0,0.07199999999999951,1.0,2.0,5.598112986458694,11.591999999999999,37.0,4324092351.452416,0.0,0.0,4.220368347033986e-17,4.857586486000473,-0.2177006927375087,-0.21770069327272284,1.1690857348135559e+21,2.188851123748398e+61,-85191.97918892888
1,17,1,9130,1,1,158.0,1,19,38,5,5,156.1,1,0,0,0,0,0,18,0,0,6,10,2,11.5,0,0,6,7,2,11.5,0,10.8,1.4,1.74,1.0,209357140.73705545,8491015247.31061,47933441940.13495,-85302.36019676794,0.17400000000000002,18645987463.091217,200748276375.59985,24740619934.764942,5093191869.825773,200748276375.59985,-85302.36019676794,0,1.74,0.0,18.0,5.549974714463478,30.728836944040964,False,0.0,0.0,2.1604339938651544e-18,1.0,1.74,5.849011183400898,11.5,35.091534777616396,4300048026.324824,0.0,0.0,-9.885547479539065e-18,4.8575864736883085,-0.2177006931633553,-0.21770069370156236,1.1561203638837522e+21,2.1168315150919787e+61,-85302.36019676794
1,44,1,9085,1,39,140.0,1,3,19,4,4,140.0,1,0,0,1,0,0,21,0,2,7,14,5,12.142857142857142,0,1,6,16,5,11.0,0,12.4,0.5,1.79,6.052631578947368,206276211.3167729,8366060035.9934,47228047056.14647,-84854.11874824428,0.4,18371590970.3626,197794041763.38538,24376534030.411358,5018239892.765889,197794041763.38538,-84854.11874824428,0,4.0,2.4754972846371734e-17,21.0,5.54997474400215,30.72883720007075,False,0.0,0.0,0.6799999999999987,1.0,4.0,6.018947368421052,15.183999999999997,42.480000000000004,4236768036.431958,0.0,0.0,-8.744907385746096e-18,4.857586434947376,-0.21770069443857215,-0.21770069507586218,1.1223435347446926e+21,1.9366652828266e+61,-84854.11874824428
1,1,4,9254,1,1,117.0,1,19,19,3,5,120.2,1,0,0,1,1,1,19,0,0,6,8,5,12.2,0,0,6,6,6,12.333333333333334,0,12.4,0.5,1.79,6.052631578947368,218002291.83685634,8841642115.982422,49912794255.652115,-86004.5871331463,0.30000000000000004,19415949602.258293,209037918786.5867,25762252386.555332,5303508642.805403,209037918786.5867,-86004.5871331463,0,3.0,1.7253465923228783e-17,19.0,5.549974635667616,30.728836261897804,False,0.0,0.0,0.7999999999999989,1.0,3.0,6.0,12.278933333333333,26.0373017571387,4477612965.437675,0.0,0.0,6.501648534619924e-17,4.857586575540649,-0.2177006895541477,-0.21770069009972737,1.2535727718540008e+21,2.6985209332756e+61,-86004.5871331463
1,17,4,9773,1,1,132.0,1,38,38,7,7,133.9,1,0,0,1,0,1,19,0,0,6,8,6,12.666666666666666,0,0,6,6,6,11.5,0,10.8,1.4,1.74,1.0,256776730.93842804,10414242089.762613,58790404576.58588,-91659.62626272657,0.4,22869312731.730736,246217857721.59384,30344384141.819374,6246801983.904219,246217857721.59384,-91659.62626272657,0,4.0,0.0,19.0,5.549974311728389,30.728833451395033,False,0.0,0.0,0.6159999999999984,1.0,4.0,6.0,12.190666666666663,38.0,5274010820.867303,0.0,0.0,-6.425605861700392e-17,4.857587005319847,-0.2177006742990723,-0.217700674762267,1.739155916283319e+21,7.205974075271717e+61,-91659.62626272657
4,39,1,9238,1,19,133.1,1,37,37,9,8,117.0,0,0,0,1,0,0,50,0,0,6,0,0,0.0,0,0,6,0,0,0.0,0,12.4,0.5,1.79,6.052631578947368,216873742.1278308,8795870852.05184,49654407073.21072,-86329.00519583005,0.1,19315437692.306877,207955777520.2852,25628887101.7486,5276053600.56618,207955777520.2852,-86329.00519583005,0,1.0,0.0,37.0,5.549974642819802,30.72883632291228,False,0.0,0.0,0.0,0.0,1.0,5.85221333451838,16.30719999999999,46.656000000000006,4454433393.699316,0.0,0.0,-8.022501993010549e-17,4.857586567922344,-0.21770068927946595,-0.21770069034745987,1.2406274489165954e+21,2.615780494718171e+61,-86329.00519583005
1,18,1,9254,1,1,128.0,1,19,19,4,7,125.7,1,0,0,1,1,1,19,0,0,6,6,6,11.833333333333334,0,0,6,8,2,11.0,0,13.9,-0.3,0.79,5.142857142857143,218002497.67212555,8841650477.197931,49912841434.00399,-86144.20084017857,0.2,19415967933.02008,209038116135.77448,25762276712.42908,5303513648.8756,209038116135.77448,-86144.20084017857,0,2.0,0.0,19.0,5.549974634858034,30.728836254584493,False,0.0,0.0,0.5539999999999987,1.0,2.0,6.0,13.056799999999997,26.037301752750714,4477617192.190426,0.0,0.0,-1.0645974208734377e-17,4.8575865771347555,-0.21770068948913368,-0.21770069003471218,1.253575138936035e+21,2.698536219901055e+61,-86144.20084017857
1,1,1,9130,1,1,140.0,1,38,1,9,4,138.3,0,0,0,1,1,0,18,0,0,6,7,6,13.666666666666666,0,0,6,9,5,13.2,0,12.4,0.5,1.79,6.052631578947368,209356490.61815915,8490988857.2515545,47933292994.46251,-85034.84975124699,0.1,18645929561.464844,200747652998.68112,24740543101.474026,5093176055.640199,200747652998.68112,-85034.84975124699,0,1.0,0.0,13.666666666666666,5.549974715852017,30.72883695664666,False,0.0,0.0,0.03599999999999977,1.0,1.0,6.0,11.012799999999995,35.09153478265868,4300034674.373004,0.0,0.0,-1.9010668229882816e-17,4.857586470838029,-0.21770069340675516,-0.2177006938153899,1.1561131835690239e+21,2.1167920743315338e+61,-85034.84975124699
1,1,1,9500,1,1,128.0,1,38,38,7,7,131.5,0,0,0,1,0,0,18,0,0,8,8,8,12.77125,0,0,8,8,8,12.77125,0,9.4,-0.8,-3.12,1.6896551724137931,235854045.6846868,9565667196.482094,54000046621.78537,-88816.14639219196,0.1,21005878256.46917,226155565583.22388,27871866188.91941,5737800973.438137,226155565583.22388,-88816.14639219196,0,1.0,0.0,18.0,5.549974477282635,30.72883488760028,False,0.0,0.0,0.0,1.0,1.0,8.0,11.395779999999995,38.0,4844274601.746037,0.0,0.0,-6.653733880458986e-17,4.857586785938719,-0.21770068210986437,-0.21770068258760727,1.4672832950836383e+21,4.327320472506312e+61,-88816.14639219196
1,17,4,9500,1,1,148.0,1,1,1,4,10,143.3,1,0,0,1,0,0,19,0,0,7,7,7,13.44285714285714,0,0,8,8,8,15.075,0,13.9,-0.3,0.79,5.142857142857143,235854517.65421534,9565686333.4458,54000154679.782364,-88811.65511713715,0.1,21005920298.413483,226156018221.23764,27871921970.85121,5737812457.699912,226156018221.23764,-88811.65511713715,0,1.0,0.0,15.075,5.54997447773673,30.728834891578693,False,0.0,0.0,0.0,1.0,1.0,7.0,12.038171428571422,26.037300934947233,4844284297.505661,0.0,0.0,3.878176318896095e-17,4.857586785264865,-0.2177006822136338,-0.21770068261373962,1.4672891683826754e+21,4.327372437417896e+61,-88811.65511713715
1,17,1,9500,1,1,142.0,1,19,37,4,9,141.8,1,0,0,1,0,1,19,0,0,8,8,8,13.3475,0,0,8,8,8,13.3475,0,9.4,-0.8,-3.12,1.6896551724137931,235854402.3848321,9565681672.077078,54000128331.750435,-88927.12622733822,0.16896551724137931,21005910026.860195,226155907629.1333,27871908345.917084,5737809650.919606,226155907629.1333,-88927.12622733822,0,1.6896551724137931,0.0,19.0,5.549974476854064,30.728834883676953,False,0.0,0.0,1.269254971395778e-17,1.0,1.6896551724137931,8.0,13.3475,34.49153395347079,4844281928.078342,0.0,0.0,-4.7146457210109385e-17,4.857586786876071,-0.21770068204759574,-0.21770068255188013,1.467287733511822e+21,4.327359742140147e+61,-88927.12622733822
1,1,1,9238,1,1,126.0,1,19,37,9,9,122.5,0,0,0,1,0,1,19,0,0,6,7,5,12.6,0,0,6,7,5,12.6,0,12.4,0.5,1.79,6.052631578947368,216873649.77303326,8795867074.188932,49654385821.33789,-86007.83137606367,0.17900000000000002,19315429477.830544,207955689093.56485,25628876193.027977,5276051359.300946,207955689093.56485,-86007.83137606367,0,1.79,0.0,19.0,5.54997464503403,30.728836342763223,False,0.0,0.0,0.06443999999999955,1.0,1.79,6.018947368421052,12.5184,34.491534537105295,4454431500.797255,0.0,0.0,2.0531521688273442e-17,4.857586563832027,-0.217700689962278,-0.21770069051069696,1.2406263934986583e+21,2.6157738188881926e+61,-86007.83137606367
1,1,1,9238,1,1,151.0,1,1,1,9,9,157.0,1,0,0,1,0,1,18,0,0,6,6,6,13.166666666666666,0,0,6,7,6,14.428571428571429,0,16.2,0.3,-0.92,4.285714285714286,216874590.27269292,8795905228.088507,49654601210.41652,-86186.75955105154,0.1,19315513247.344612,207956590977.3214,25628987345.488197,5276074240.414607,207956590977.3214,-86186.75955105154,1,1.0,0.0,14.428571428571429,5.549974644641232,30.728836339068025,False,0.0,0.0,0.1719999999999995,1.0,1.0,6.0,9.0,25.637301803440835,4454450818.938569,0.0,0.0,-1.1178272919171097e-16,4.85758656486877,-0.21770069004821804,-0.21770069046468024,1.2406371545387893e+21,2.615841886175838e+61,-86186.75955105154
1,17,1,9853,1,1,128.0,1,1,1,4,5,130.7,1,0,0,1,0,0,20,0,0,6,9,4,12.0,0,0,6,6,4,12.0,0,7.6,2.6,0.32,3.2857142857142856,263134021.26816517,10672078811.348726,60245939201.67905,-92127.3866925246,0.1,23435511246.922646,252313720059.27368,31095650691.87075,6401460289.669197,252313720059.27368,-92127.3866925246,0,1.0,0.0,12.0,5.549974266799799,30.728833062275278,False,0.0,0.0,0.03599999999999975,1.0,1.0,5.109994853359957,8.428799999999997,26.43729983736518,5404584776.691017,0.0,0.0,-3.421920281378907e-18,4.857587063697563,-0.21770067241019314,-0.21770067269566334,1.8263380100008924e+21,8.344889942199303e+61,-92127.3866925246
1,1,2,9238,1,1,139.0,1,37,37,5,7,133.1,1,0,0,1,0,1,19,0,0,6,8,6,12.666666666666666,0,0,6,7,6,12.5,0,9.4,-0.8,-3.12,1.6896551724137931,216873991.83996278,8795880963.836126,49654464203.66287,-86194.96793868532,0.16896551724137931,19315459941.55813,207956017068.65698,25628916618.512432,5276059679.269636,207956017068.65698,-86194.96793868532,0,1.6896551724137931,0.0,19.0,5.549974644026122,30.72883633365479,False,-1.4402893292434462e-18,0.0,0.0,1.0,1.6896551724137931,6.0,11.235199999999995,37.0,4454438525.467634,0.0,0.0,-4.3344323564132825e-17,4.857586565825244,-0.21770068987977254,-0.217700690428191,1.2406303069397587e+21,2.6157985726153014e+61,-86194.96793868532
4,39,1,9254,1,1,120.0,1,37,37,0,0,110.0,0,0,0,0,1,0,47,0,0,6,0,0,0.0,0,0,6,0,0,0.0,0,10.8,1.4,1.74,1.0,218002278.51132938,8841641600.65661,49912791278.08213,-86251.81038918534,0.1,19415948403.342197,209037905868.9391,25762250803.298195,5303508313.328261,209037905868.9391,-86251.81038918534,0,1.0,0.0,37.0,5.549974633843553,30.728836245613934,False,0.0,0.0,0.0,0.0,1.0,1.5223999999999975,8.841599999999993,44.568000000000005,4477612687.822081,0.0,0.0,-3.650048300137501e-17,4.85758657878503,-0.21770068890882086,-0.21770068997128636,1.253572617206651e+21,2.6985199345643906e+61,-86251.81038918534
1,39,1,9670,1,1,110.0,1,5,9,2,4,120.0,0,0,0,1,0,0,26,0,0,5,5,1,11.0,0,0,5,5,4,11.5,0,9.4,-0.8,-3.12,1.6896551724137931,248742988.4454289,10088412344.828642,56951037181.337395,-90207.5389575687,0.1,22153804564.63864,238514483103.2156,29395004466.978256,6051359440.775037,238514483103.2156,-90207.5389575687,0,1.0,0.0,11.5,5.54997437517646,30.728834002572313,False,0.0,0.0,0.0,1.0,1.0,5.0,9.2368,35.69153360102894,5109003800.614794,0.0,0.0,1.444810785471094e-17,4.857586919876214,-0.21770067753777467,-0.21770067782717745,1.6320329752840034e+21,5.954755417551042e+61,-90207.5389575687
1,1,2,9070,1,1,137.0,1,19,38,9,7,132.8,1,0,0,1,0,0,18,0,0,6,10,5,11.8,0,0,6,6,6,12.333333333333334,0,9.4,-0.8,-3.12,1.6896551724137931,205256005.03531706,8324682850.9034195,46994465380.04428,-84412.82959191485,0.16896551724137931,18280728450.38049,196815788742.2713,24255972121.123627,4993420607.432381,196815788742.2713,-84412.82959191485,0,1.6896551724137931,0.0,18.0,5.549974756049665,30.728837305229987,False,0.0,0.0,0.0,1.0,1.6896551724137931,6.0,11.065599999999998,35.091534922092,4215813763.724058,0.0,0.0,1.8630454865285162e-17,4.85758641781952,-0.21770069515635115,-0.2177006957053118,1.1112691766874154e+21,1.8799008545611098e+61,-84412.82959191485
1,17,2,9147,1,1,118.0,1,37,38,9,7,117.0,1,0,1,0,0,1,19,0,0,5,10,4,11.0,0,0,5,10,3,10.333333333333334,0,11.1,0.6,2.02,1.8461538461538463,210527530.061384,8538483446.68873,48201408565.19658,-85112.7426777389,0.202,18750225716.16702,201870536557.43845,24878929563.810036,5121664768.919895,201870536557.43845,-85112.7426777389,0,2.02,0.0,19.0,5.549974704664981,30.728836859791755,False,0.0,0.0,0.345279999999999,1.0,2.02,6.227987028917935,11.0592,37.696000000000005,4324086948.309659,0.0,0.0,4.18234701057422e-17,4.8575864853132,-0.21770069273462972,-0.21770069329957978,1.1690828130182212e+21,2.188834712567863e+61,-85112.7426777389
1,1,1,171,1,1,172.0,1,38,19,5,7,138.0,1,0,0,1,1,0,19,0,6,12,13,10,14.2,0,5,10,13,10,13.8,0,8.9,1.4,3.51,4.933333333333334,3506.678977003659,142500.157663616,803976.2739921897,-3006.827170590627,0.5,312289.8497194028,3362093.197065655,414439.3976748666,85281.14063125192,3362093.197065655,-3006.827170590627,1,5.0,1.0,19.0,5.548906786766559,30.719206233763977,False,0.0,1.2722555741650465e-17,1.0,1.0,5.0,9.295999999999992,13.4736,35.0876824935056,72074.81177624434,0.0,0.0,-5.3610084408269544e-17,4.859684035733829,-0.21757761908853562,-0.2176097516019565,324322347953.44855,4.673128962815305e+32,-3006.827170590627
1,1,2,9773,1,1,141.0,1,1,1,5,5,127.7,1,0,0,1,1,0,18,0,0,6,6,6,13.666666666666666,0,0,6,6,6,14.5,0,12.7,3.7,-1.7,2.176470588235294,256776752.67631832,10414242937.656834,58790409430.25539,-91352.667858814,0.1,22869314675.14232,246217878658.6992,30344386711.108006,6246802517.403024,246217878658.6992,-91352.667858814,0,1.0,0.0,13.666666666666666,5.549974313586528,30.728833468121515,False,0.0,0.0,0.05999999999999979,1.0,1.0,5.608789854632769,6.0,25.637300080872926,5274011270.65825,0.0,0.0,7.832395310711721e-17,4.85758700176151,-0.2177006745708149,-0.2177006749039854,1.7391562116573272e+21,7.20597774680764e+61,-91352.667858814
1,39,1,9003,1,1,140.0,1,37,37,9,10,160.0,0,0,0,1,0,0,25,0,0,6,13,5,12.0,0,0,6,12,6,12.083333333333334,0,15.5,2.8,-4.06,4.8,200741505.89560997,8141585486.772639,45960847381.981995,-84228.63734322817,0.48,17878654077.958263,192486935917.7505,23722475476.880802,4883593146.439702,192486935917.7505,-84228.63734322817,0,4.8,0.0,25.0,5.549974798275671,30.7288376702014,False,0.0,0.0,0.0,1.0,4.8,7.07999999999998,14.479999999999995,38.392,4123089317.6995783,0.0,0.0,-7.870416647171486e-17,4.857586364289019,-0.21770069662165822,-0.21770069757991303,1.0629232698192181e+21,1.645064325476586e+61,-84228.63734322817
1,1,1,9147,1,1,137.0,1,1,3,3,7,136.3,1,0,1,1,1,0,18,0,0,5,5,0,0.0,0,0,5,5,0,0.0,0,13.9,-0.3,0.79,5.142857142857143,210528011.63448825,8538502951.914669,48201518737.76795,-84924.62485791276,0.1,18750268615.70862,201870998437.52652,24878986477.987648,5121676489.102515,201870998437.52652,-84924.62485791276,0,1.0,0.0,7.0,5.5499747065296985,30.728836876505056,False,0.0,0.0,0.0,1.0,1.0,3.0,5.305704168326165,25.63730212590305,4324096842.909186,0.0,0.0,1.4067894490113286e-17,4.857586481872318,-0.21770069322821786,-0.21770069343634374,1.1690881624793281e+21,2.1888647595575512e+61,-84924.62485791276
1,39,1,9254,1,12,133.1,1,34,1,0,3,128.2,1,0,0,1,1,0,24,0,0,6,0,0,0.0,0,0,6,0,0,0.0,0,7.6,2.6,0.32,3.2857142857142856,218002624.57635677,8841655628.443983,49912870499.51129,-86203.3770598882,0.1,19415979232.516117,209038237788.0753,25762291706.6734,5303516735.01826,209038237788.0753,-86203.3770598882,0,1.0,0.0,23.19371343743539,5.549974634521951,30.72883625160005,False,0.0,0.0,0.0,0.06400000000000011,1.0,2.7439999999999976,6.947199999999998,37.480000000000004,4477619797.885028,0.0,0.0,-1.7109601406894536e-17,4.857586577707801,-0.2177006893262611,-0.21770069001541945,1.2535765980558988e+21,2.6985456429318634e+61,-86203.3770598882
2,39,1,9254,1,19,133.1,1,37,37,9,9,100.0,1,0,1,1,1,0,39,0,0,5,10,0,0.0,0,0,5,10,0,0.0,0,7.6,2.6,0.32,3.2857142857142856,218002350.5159198,8841644533.04519,49912807816.556885,-86359.99185050062,0.1,19415954816.72703,209037974912.22934,25762259316.037647,5303510064.218439,209037974912.22934,-86359.99185050062,0,1.0,0.0,37.0,5.5499746331505575,30.72883623931314,False,0.0,0.0,0.0,1.0,1.0,5.59569329951134,15.327999999999987,39.0,4477614166.240413,0.0,0.0,-1.1976720984826175e-16,4.857586580225364,-0.21770068885066218,-0.21770068991312663,1.2535734454031378e+21,2.698525283052804e+61,-86359.99185050062
1,7,1,9500,1,3,140.0,1,19,1,9,9,140.0,0,0,0,0,0,0,39,0,0,7,0,0,0.0,0,0,8,0,0,0.0,0,16.2,0.3,-0.92,4.285714285714286,235854339.75679314,9565679110.896969,54000113910.396904,-88731.14744946964,0.03,21005904451.819168,226155847615.37598,27871900942.924297,5737808129.743678,226155847615.37598,-88731.14744946964,0,0.3,0.0,16.2,5.549974478074428,30.728834894696107,False,0.0,0.0,0.0,0.0,0.3,3.462857142857134,8.591999999999999,35.691533957878455,4844280643.431333,0.0,0.0,-6.843840562757815e-17,4.857586784479913,-0.21770068221871397,-0.21770068264868012,1.4672869545556375e+21,4.32735285019571e+61,-88731.14744946964
1,43,4,9070,1,1,140.0,1,37,37,9,9,143.8,1,0,1,0,0,0,19,0,0,6,0,0,0.0,0,0,6,0,0,0.0,0,12.7,3.7,-1.7,2.176470588235294,205256256.94849333,8324693090.195748,46994523136.85778,-84649.02007904935,0.1,18280750881.09164,196816030229.14206,24256001889.79255,4993426732.681118,196816030229.14206,-84649.02007904935,0,1.0,0.0,23.193726551220514,5.5499747544945,30.7288372912439,False,0.0,0.0,0.0,0.0,1.0,4.434196771793674,11.190399999999995,41.176,4215818935.577512,0.0,0.0,4.904752403309767e-17,4.857586420772171,-0.2177006946488602,-0.21770069558603786,1.1112719038904093e+21,1.879914695178473e+61,-84649.02007904935
1,39,1,8014,0,1,133.1,1,37,37,9,7,95.0,0,0,0,1,1,0,50,0,0,6,14,0,0.0,0,0,5,10,0,0.0,0,11.1,0.6,2.02,1.8461538461538463,141587389.44733286,5742434987.9029,32417202231.92486,-73867.84888454789,0.1,12610215924.583757,135765356708.63121,16731992544.676321,3444508174.12937,135765356708.63121,-73867.84888454789,0,1.0,0.0,37.0,5.549975549320186,30.728844180077544,False,0.0,0.0,0.0,0.42000000000000054,1.0,5.588407647083645,12.816799999999995,46.656000000000006,2908107606.4674087,0.0,0.0,3.802133645976563e-17,4.8575853790521135,-0.21770073096505704,-0.21770073260093414,5.287827593420197e+20,2.0253915802318918e+60,-73867.84888454789
1,1,1,9238,1,1,138.0,1,37,37,9,9,125.5,0,0,0,1,0,1,20,0,0,6,7,6,15.142857142857142,0,0,6,6,6,14.166666666666666,0,8.9,1.4,3.51,4.933333333333334,216873872.2735306,8795876114.760563,49654436829.44774,-86184.29882931183,0.351,19315449292.644226,207955902419.0771,25628902488.943287,5276056770.47383,207955902419.0771,-86184.29882931183,0,3.51,0.0,20.0,5.549974644012086,30.72883633352655,False,0.0,0.0,0.1263599999999991,1.0,3.51,6.0,12.058666666666658,37.0,4454436069.631477,0.0,0.0,-5.39902977728672e-17,4.857586565855245,-0.21770068984937904,-0.21770069042666298,1.2406289389824057e+21,2.61578991984358e+61,-86184.29882931183
1,1,1,9773,1,1,159.0,1,1,19,4,3,160.1,1,0,0,1,0,1,18,0,0,6,7,6,14.857142857142858,0,0,6,7,5,14.8,0,12.7,3.7,-1.7,2.176470588235294,256777644.06901738,10414279120.770697,58790613651.55767,-91709.98142480498,0.1,22869394066.20517,246218733394.20944,30344492059.776886,6246824200.890774,246218733394.20944,-91709.98142480498,0,1.0,0.0,14.857142857142858,5.549974312100285,30.7288334546123,False,0.0,0.0,0.05999999999999979,1.0,1.0,5.601010971092306,10.37439999999999,26.037300072767398,5274029578.056921,0.0,0.0,-2.851600234482423e-17,4.857587004841576,-0.21770067441867733,-0.21770067478087013,1.7391682868260708e+21,7.206127843735365e+61,-91709.98142480498
1,1,2,171,1,1,130.0,1,1,1,4,10,124.3,1,0,0,1,0,0,20,0,0,0,0,0,0.0,0,0,0,0,0,0.0,0,10.8,1.4,1.74,1.0,2499.9599542039814,101597.55183064885,573191.6154991778,-2228.471195620312,0.1,222634.1969857468,2396863.426888744,295459.5632518677,60797.133893337304,2396863.426888744,-2228.471195620312,0,1.0,0.0,10.0,5.54886510335276,30.71883350402888,False,0.0,0.0,0.0,0.0,1.0,1.0,3.4024821183553877,26.431300102417342,51386.997235157214,0.0,0.0,6.501648534619924e-17,4.859761379051568,-0.21758306483364023,-0.2176081094483875,164833774518.6557,6.135016721258961e+31,-2228.471195620312
1,17,1,9119,1,1,130.0,1,19,38,7,7,117.5,0,0,0,1,1,0,20,0,0,5,9,0,0.0,0,0,5,8,1,12.0,0,10.8,1.4,1.74,1.0,208600279.3031027,8460318701.529416,47760154406.91185,-84779.8829310912,0.1,18578579192.34958,200022538810.34027,24651178544.622868,5074779162.182247,200022538810.34027,-84779.8829310912,0,1.0,0.0,19.0,5.549974723818446,30.7288370260313,False,0.0,0.0,0.0,1.0,1.0,5.602008925179817,11.510399999999999,35.09153481041253,4284502659.120027,0.0,0.0,1.2927254396320315e-17,4.857586459786442,-0.21770069364551148,-0.21770069421568133,1.1477763472664223e+21,2.0713283640588924e+61,-84779.8829310912
1,1,3,9238,1,1,140.0,1,1,1,4,4,133.3,1,0,0,1,0,0,18,0,0,6,6,6,11.666666666666666,0,0,6,6,6,12.333333333333334,0,10.8,1.4,1.74,1.0,216873984.447115,8795880633.418968,49654462402.90995,-85914.6344032312,0.1,19315459291.12068,207956010078.20624,25628915746.884842,5276059504.007212,207956010078.20624,-85914.6344032312,0,1.0,0.0,11.666666666666666,5.549974646057124,30.72883635191075,False,0.0,0.0,0.059999999999999803,1.0,1.0,5.606594270015495,6.0,25.637301811146468,4454438376.908118,0.0,0.0,-3.9922403282753916e-17,4.857586561982378,-0.21770069024258146,-0.2177006905793216,1.2406302232173905e+21,2.615798043043756e+61,-85914.6344032312
1,1,1,9070,1,1,130.0,1,3,3,2,2,125.6,1,0,0,1,0,0,20,0,5,12,12,11,12.888888888889,0,4,11,13,11,12.545454545454543,1,15.5,2.8,-4.06,4.8,205255790.1559978,8324674122.11034,46994416130.55475,-84264.81583233403,0.27999999999999997,18280709315.14698,196815582732.12927,24255946727.53743,4993415381.681005,196815582732.12927,-84264.81583233403,1,2.8,0.27999999999999997,13.0,5.549974756985694,30.728837313665693,False,0.0,0.0,1.0,1.0,2.8,5.6016543729575305,12.32290909090909,26.43730238819943,4215809351.46914,0.0,0.0,-4.1063043376546883e-17,4.857586416007676,-0.21770069537648232,-0.21770069576440734,1.1112668501929119e+21,1.879889047602164e+61,-84264.81583233403
1,1,1,9085,1,1,156.0,1,5,43,1,1,153.7,1,0,0,1,0,0,21,0,0,5,12,5,14.833333333333334,3,0,5,13,5,13.833333333333334,5,9.4,-0.8,-3.12,1.6896551724137931,206276725.4708258,8366080878.287428,47228164745.26706,-84804.50224188066,0.1,18371636768.137844,197794534840.28714,24376594794.48202,5018252403.374087,197794534840.28714,-84804.50224188066,1,1.0,0.0,14.833333333333334,5.549974744827943,30.728837207432704,False,-1.4402893292434464e-17,0.0,0.4239999999999977,1.0,1.0,5.0,12.591999999999999,38.0915348829731,4236778598.64567,0.0,0.0,7.604267291953127e-17,4.857586433494676,-0.21770069468480951,-0.2177006951349516,1.1223491303732921e+21,1.936694249662523e+61,-84804.50224188066
1,1,1,9238,1,1,154.0,1,37,37,9,9,164.9,0,0,0,1,0,0,18,0,0,6,7,6,13.857142857142858,0,0,6,6,6,14.166666666666666,0,12.7,3.7,-1.7,2.176470588235294,216874842.1321632,8795915475.757717,49654658998.86135,-86509.4371746136,0.21764705882352942,19315535672.88345,207956832404.04144,25629017110.04877,5276080363.42495,207956832404.04144,-86509.4371746136,0,2.176470588235294,0.0,18.0,5.549974642538271,30.728836320110368,False,0.0,0.0,0.0,1.0,2.176470588235294,6.0,13.38502857142857,37.0,4454455989.068527,0.0,0.0,7.604267291953127e-18,4.857586568945242,-0.21770068978259574,-0.21770069030214717,1.2406400354965245e+21,2.615860109426823e+61,-86509.4371746136
1,1,3,9773,1,1,130.0,1,1,19,4,5,131.3,1,0,0,1,0,1,18,0,0,6,8,6,12.833333333333334,0,0,6,7,6,11.666666666666666,0,9.4,-0.8,-3.12,1.6896551724137931,256776636.7463276,10414238236.111021,58790382884.87614,-91342.9263321952,0.1,22869304348.689507,246217767480.93243,30344373009.53601,6246799696.681787,246217767480.93243,-91342.9263321952,0,1.0,0.0,12.833333333333334,5.549974313538115,30.7288334677083,False,-1.2242459298569293e-17,0.0,0.0,1.0,1.0,5.900070548945798,8.828799999999998,26.037300080624995,5274008889.203568,0.0,0.0,-2.6614935521835943e-17,4.857587001813828,-0.21770067458961087,-0.21770067490246503,1.7391546410629134e+21,7.205958224136648e+61,-91342.9263321952
1,1,2,9773,1,1,140.0,1,2,1,2,7,141.1,1,0,0,1,0,1,18,0,0,6,6,6,14.833333333333334,0,0,6,6,6,13.5,0,8.9,1.4,3.51,4.933333333333334,256776935.84192646,10414250371.98644,58790451394.21048,-91420.11069463394,0.2,22869330989.655045,246218054303.3029,30344408359.534058,6246806973.319448,246218054303.3029,-91420.11069463394,0,2.0,0.0,13.5,5.549974313340832,30.728833465867275,False,0.0,0.0,0.6799999999999983,1.0,2.0,5.894794893169137,6.591999999999999,25.637300079520383,5274015032.776822,0.0,0.0,-9.353248769102347e-17,4.857587002309685,-0.21770067455394468,-0.21770067488305178,1.739158693038537e+21,7.206008590736158e+61,-91420.11069463394
1,1,1,9670,1,1,117.0,1,19,38,9,9,118.1,0,0,0,1,1,0,18,0,0,6,7,5,12.2,0,0,6,6,5,13.2,0,12.4,0.5,1.79,6.052631578947368,248743038.53615463,10088414388.2728,56951048698.968285,-90315.29544757317,0.17900000000000002,22153809025.298393,238514531123.03754,29395010388.76893,6051360658.285302,238514531123.03754,-90315.29544757317,0,1.79,0.0,18.0,5.549974374553291,30.728833996926184,False,0.0,0.0,0.06443999999999955,1.0,1.79,6.0,12.318399999999999,35.09153359877048,5109004828.72665,0.0,0.0,-1.9390881594480474e-17,4.857586921136877,-0.21770067732697865,-0.2177006777799662,1.6320336325623247e+21,5.954762612135857e+61,-90315.29544757317
1,17,1,9254,1,1,127.0,1,19,1,9,9,121.7,0,0,0,1,1,0,22,0,0,6,0,0,0.0,0,0,6,0,0,0.0,0,10.8,1.4,1.74,1.0,218002432.37549034,8841647810.67021,49912826409.54362,-85974.89302945325,0.1,19415962118.72262,209038053544.95718,25762268992.853283,5303512062.115713,209038053544.95718,-85974.89302945325,0,1.0,0.0,17.0,5.549974635963753,30.728836264593774,False,0.0,0.0,0.0,0.06400000000000014,1.0,1.5223999999999975,9.0,27.237301758756278,4477615852.227105,0.0,0.0,-7.22405392735547e-18,4.857586574918814,-0.217700689636289,-0.21770069012443702,1.2535743880640248e+21,2.6985313707602915e+61,-85974.89302945325
1,44,1,9085,1,39,140.0,1,19,37,9,7,140.0,0,0,0,1,0,0,21,0,2,6,6,6,13.833333333333334,0,1,6,9,4,12.6,0,16.2,0.3,-0.92,4.285714285714286,206276223.9851897,8366060562.699705,47228050000.01057,-84973.03244383674,0.4285714285714286,18371592094.4647,197794053860.63525,24376535525.631332,5018240198.798937,197794053860.63525,-84973.03244383674,0,4.285714285714286,0.0,23.19372539849907,5.549974743075302,30.72883719175708,False,0.0,0.0,0.10799999999999924,1.0,4.285714285714286,6.359999999999993,17.857599999999994,42.480000000000004,4236768295.0634184,0.0,0.0,2.6234722157238288e-17,4.857586436668695,-0.21770069407661827,-0.21770069500916103,1.1223436721612461e+21,1.9366659941860713e+61,-84973.03244383674
1,1,1,9670,1,1,122.0,1,37,38,9,7,127.9,1,0,0,1,0,1,19,0,0,6,7,6,15.857142857142858,0,0,6,7,6,14.285714285714286,0,11.1,0.6,2.02,1.8461538461538463,248743231.83631194,10088422244.28784,56951093019.104416,-90488.25580115289,0.18461538461538463,22153826238.981018,238514716444.12158,29395033233.317276,6051365358.972341,238514716444.12158,-90488.25580115289,0,1.8461538461538463,0.0,19.0,5.549974373663873,30.728833988896547,False,0.0,0.0,0.43384615384615294,1.0,1.8461538461538463,6.0,12.985942857142852,37.696000000000005,5109008797.713753,0.0,0.0,-2.2432588511261725e-17,4.857586922880694,-0.2177006772287469,-0.21770067770690132,1.6320361688607988e+21,5.95479037457622e+61,-90488.25580115289
1,1,4,9500,1,1,139.0,1,37,38,9,8,126.3,1,0,0,1,0,0,18,0,0,8,8,0,0.0,8,0,8,8,0,0.0,8,9.4,-0.8,-3.12,1.6896551724137931,235854134.35910526,9565670789.670292,54000066914.225426,-88795.53866551886,0.1,21005886155.42115,226155650627.05338,27871876668.78388,5737803131.312008,226155650627.05338,-88795.53866551886,0,1.0,0.0,18.0,5.549974477494425,30.72883488949455,False,0.0,0.0,0.0,1.0,1.0,8.0,8.591999999999999,37.696000000000005,4844276423.533472,0.0,0.0,8.174587338849611e-17,4.857586785556145,-0.2177006821258569,-0.21770068260359954,1.4672843985635702e+21,4.3273302356820553e+61,-88795.53866551886
1,42,1,9670,1,1,120.0,1,1,2,3,2,139.2,1,0,1,0,1,0,20,0,5,10,12,6,13.333333333333334,0,0,6,6,2,13.5,0,15.5,2.8,-4.06,4.8,248743366.56847706,10088427702.151379,56951123845.05476,-90441.13882228908,0.2,22153838240.864765,238514845662.6886,29395049156.267277,6051368637.832074,238514845662.6886,-90441.13882228908,0,2.0,0.0,15.5,5.549974374056322,30.728833992415154,False,0.0,0.0,0.6799999999999983,1.0,2.0,5.603494930930837,12.789333333333332,37.49153359696608,5109011565.858183,0.0,0.0,-3.6120269636777356e-17,4.857586922154219,-0.21770067734841997,-0.21770067773848933,1.6320379371367063e+21,5.954809730257111e+61,-90441.13882228908
1,17,1,9773,1,1,133.1,1,19,19,5,7,119.0,0,0,0,1,1,0,21,0,0,6,6,6,12.666666666666666,0,0,6,9,6,12.0,0,10.8,1.4,1.74,1.0,256776525.71412712,10414233742.52029,58790357497.96501,-91416.27160712493,0.17400000000000002,22869294457.50952,246217660985.52872,30344359887.990425,6246796994.125804,246217660985.52872,-91416.27160712493,0,1.74,0.0,19.0,5.549974313003618,30.72883346290054,False,0.0,0.0,0.06263999999999958,1.0,1.74,6.0,12.394666666666666,26.837300077740338,5274006607.663143,0.0,0.0,2.4713868698847663e-17,4.857587002831186,-0.2177006743993664,-0.2177006748625612,1.7391531367227224e+21,7.205939525046404e+61,-91416.27160712493
1,1,1,9238,1,1,131.0,1,38,37,7,7,131.3,1,0,0,1,0,1,18,0,0,6,7,6,14.166666666666666,0,0,6,7,6,14.285714285714286,0,10.8,1.4,1.74,1.0,216873847.172538,8795875093.69686,49654431070.032745,-86156.01231330595,0.13999999999999999,19315447057.25517,207955878353.46124,25628899522.09513,5276056160.108706,207955878353.46124,-86156.01231330595,0,1.4,0.0,18.0,5.549974644194904,30.72883633518228,False,0.0,0.0,0.6559999999999981,1.0,1.4,6.0,12.793066666666661,37.696000000000005,4454435554.261557,0.0,0.0,-6.805819226298049e-17,4.857586565486271,-0.21770068992065628,-0.21770069044021018,1.2406286518112467e+21,2.6157881033957467e+61,-86156.01231330595
1,43,1,9670,1,1,135.0,1,3,3,2,2,125.9,0,0,0,1,1,0,20,0,0,6,0,0,0.0,0,0,6,0,0,0.0,0,10.8,1.4,1.74,1.0,248743374.6228129,10088428011.84235,56951125623.115486,-90290.14287316098,0.1,22153838960.48822,238514853417.47046,29395050106.538002,6051368835.731761,238514853417.47046,-90290.14287316098,0,1.0,0.0,10.8,5.549974374986175,30.728834000810686,False,0.0,0.0,0.0,0.06400000000000014,1.0,1.8335999999999983,5.912833779129855,38.09153360032429,5109011732.660731,0.0,0.0,-7.49020328257383e-17,4.857586920329144,-0.21770067754003833,-0.21770067781182406,1.6320380430710297e+21,5.954810889823503e+61,-90290.14287316098
1,39,1,9991,0,1,133.1,1,19,37,9,9,100.0,0,0,0,1,0,0,24,0,0,5,9,2,10.5,0,0,5,11,4,11.75,0,12.4,0.5,1.79,6.052631578947368,274345430.34216714,11126787265.829428,62812849813.45748,-93736.91796089674,0.2,24434031442.496864,263064086698.55942,32420547916.744587,6674208155.649888,263064086698.55942,-93736.91796089674,0,2.0,0.0,23.193665142635435,5.549974186105721,30.728832361766358,False,0.0,0.0,0.0,1.0,2.0,7.113684210526296,12.1348,38.392,5634858656.685176,0.0,0.0,3.0036855803214855e-17,4.857587171490863,-0.21770066829303544,-0.21770066884065953,1.9852835939950993e+21,1.071876626904795e+62,-93736.91796089674
1,1,1,9500,1,1,140.0,1,1,1,9,10,128.8,0,0,0,1,1,0,18,0,0,7,7,6,13.391666666666666,0,0,8,9,7,12.4875,0,12.4,0.5,1.79,6.052631578947368,235854157.81947818,9565671722.08748,54000072222.53159,-88620.46070453021,0.1,21005888251.429874,226155673200.89462,27871879444.399208,5737803705.345897,226155673200.89462,-88620.46070453021,0,1.0,0.0,12.4875,5.549974478700323,30.72883490030528,False,0.0,0.0,0.05999999999999979,1.0,1.0,6.39368421052631,9.591999999999999,25.637300940183188,4844276907.78532,0.0,0.0,-9.315227432642581e-17,4.857586783324611,-0.21770068235864257,-0.21770068269007023,1.46728469125832e+21,4.3273328253376694e+61,-88620.46070453021
1,17,1,9991,0,1,131.0,1,19,19,9,7,132.0,0,0,0,1,0,1,22,0,0,5,5,5,11.8,0,0,5,6,5,12.6,0,10.8,1.4,1.74,1.0,274345730.034142,11126799412.793747,62812918411.142395,-93695.31662345125,0.17400000000000002,24434058139.325783,263064374127.72208,32420583337.24703,6674215448.575967,263064374127.72208,-93695.31662345125,0,1.74,0.0,19.0,5.549974186592943,30.72883236609328,False,0.0,0.0,5.4010849846628855e-18,1.0,1.74,5.604859882246008,12.2736,27.23729941965598,5634864813.768376,0.0,0.0,4.1063043376546883e-17,4.857587170663542,-0.21770066843961117,-0.21770066887314288,1.9852879322001666e+21,1.0718836536552144e+62,-93695.31662345125
2,7,2,9991,0,3,130.0,1,37,3,4,2,130.0,0,0,1,0,1,0,40,0,0,2,2,0,0.0,0,0,4,4,0,0.0,0,12.7,3.7,-1.7,2.176470588235294,274345710.28186303,11126798604.949976,62812913857.69816,-93640.82468246443,0.2,24434056379.297695,263064355181.73047,32420581000.278305,6674214968.347219,263064355181.73047,-93640.82468246443,0,2.0,0.0,12.7,5.549974186888111,30.728832368787458,False,0.0,0.0,0.0,0.12800000000000022,2.0,3.0,5.669103033768977,39.088,5634864408.247487,0.0,0.0,5.855285814803908e-17,4.857587170031898,-0.217700668608466,-0.21770066889824313,1.9852876461640036e+21,1.0718831903509674e+62,-93640.82468246443
1,1,2,9500,1,1,137.0,1,19,19,9,7,130.1,1,0,0,1,0,1,18,0,0,7,8,6,12.125,0,0,8,8,7,12.9,0,13.9,-0.3,0.79,5.142857142857143,235854131.27898136,9565670656.327322,54000066184.1606,-88713.01124627217,0.2,21005885885.059692,226155647719.48148,27871876307.527836,5737803058.127248,226155647719.48148,-88713.01124627217,0,2.0,0.0,18.0,5.549974478055269,30.728834894503294,False,0.0,0.0,0.0719999999999995,1.0,2.0,7.0,12.583799999999998,26.037300936701993,4844276361.547896,0.0,0.0,-5.0568377491488293e-17,4.857586784553197,-0.21770068216550556,-0.217700682643248,1.4672843607329213e+21,4.327329900970447e+61,-88713.01124627217
1,17,1,9500,1,1,145.0,1,19,1,5,3,120.5,1,0,0,1,0,0,21,0,0,8,8,7,12.91,0,0,8,8,7,12.91,0,10.8,1.4,1.74,1.0,235854138.28982946,9565670936.547892,54000067774.18437,-88676.3207978715,0.13999999999999999,21005886510.339146,226155654453.12054,27871877136.048008,5737803229.247947,226155654453.12054,-88676.3207978715,0,1.4,0.0,17.0,5.549974478301747,30.728834896722553,False,0.0,0.0,0.050399999999999674,1.0,1.4,7.0,12.049119999999997,26.837300938033547,4844276505.946904,0.0,0.0,1.748981477149219e-17,4.857586784080285,-0.21770068221045888,-0.21770068266165915,1.46728444806263e+21,4.327330673631478e+61,-88676.3207978715
1,39,1,9853,1,12,133.1,1,19,3,4,2,102.5,0,0,0,0,1,0,30,0,0,6,0,0,0.0,0,0,6,0,0,0.0,0,11.1,0.6,2.02,1.8461538461538463,263133796.20946303,10672069685.127613,60245887667.05337,-92120.50511778526,0.1,23435491197.810585,252313504204.0919,31095624090.313843,6401454813.070064,252313504204.0919,-92120.50511778526,0,1.0,0.0,19.0,5.549974266609596,30.728833060636134,False,0.0,0.0,0.0,0.0,1.0,2.372799999999993,9.019199999999993,36.26400000000001,5404580153.001346,0.0,0.0,-1.4676235873469535e-16,4.857587063931916,-0.21770067223712913,-0.21770067268913393,1.8263348851686336e+21,8.344847108392207e+61,-92120.50511778526
1,44,1,9085,1,39,150.0,1,19,37,9,9,150.0,1,0,0,1,0,0,20,0,1,6,9,6,11.716666666666663,0,1,6,14,6,11.7,0,13.9,-0.3,0.79,5.142857142857143,206276570.36445186,8366074622.358988,47228129357.18745,-85107.88407734226,0.6000000000000001,18371622945.25696,197794386004.81,24376576463.172596,5018248624.883089,197794386004.81,-85107.88407734226,0,6.0,0.0,23.193725380060513,5.549974742409664,30.728837185686224,False,0.0,0.0,0.7139999999999996,1.0,6.0,9.0,16.959999999999994,42.480000000000004,4236775409.2032266,0.0,0.0,-1.5208534583906253e-17,4.8575864380853595,-0.21770069401988748,-0.21770069495242886,1.122347441633051e+21,1.9366855075469783e+61,-85107.88407734226
1,17,1,9254,1,1,126.0,1,19,19,9,8,118.7,1,0,0,1,0,0,20,0,0,6,7,6,10.666666666666666,0,0,6,6,6,11.5,0,13.9,-0.3,0.79,5.142857142857143,218002385.06201446,8841645907.94447,49912815641.25375,-86113.29641355453,0.5142857142857143,19415957903.164757,209038008152.18558,25762263403.712128,5303510909.356276,209038008152.18558,-86113.29641355453,0,5.142857142857143,0.0,19.0,5.549974634965927,30.72883625557393,False,0.0,0.0,0.0,1.0,5.142857142857143,6.0,12.920799999999996,26.437301753344375,4477614879.2412615,0.0,0.0,-8.744907385746096e-18,4.857586576896299,-0.2177006894997222,-0.21770069004530113,1.2535738437914625e+21,2.6985278558449584e+61,-86113.29641355453
1,17,1,9254,1,1,118.0,1,38,19,5,7,110.7,1,0,0,1,0,0,20,0,0,6,13,2,10.5,0,0,6,12,3,13.0,0,10.8,1.4,1.74,1.0,218002213.2744491,8841638941.058079,49912776305.75089,-86097.45536221626,0.17400000000000002,19415942601.26099,209037843407.20135,25762243100.48951,5303506729.569256,209037843407.20135,-86097.45536221626,0,1.74,0.0,19.0,5.549974634884861,30.72883625488268,False,0.0,0.0,0.06263999999999956,1.0,1.74,6.0,13.0,35.091534501953085,4477611350.366527,0.0,0.0,-7.604267291953127e-18,4.857586576982035,-0.21770068949780724,-0.2177006900433862,1.2535718678957507e+21,2.6985150955247577e+61,-86097.45536221626
